{"cameraMode":{"drawMode":0,"name":"Shaded","section":"Shading Mode"},"sceneLighting":true,"audioPlay":false,"sceneViewState":{"showFog":true,"showMaterialUpdate":false,"showSkybox":true,"showFlares":true,"showImageEffects":true,"showParticleSystems":true},"in2DMode":false,"pivot":{"x":-1.241173505783081,"y":2.2369132041931154,"z":3.6844778060913088},"rotation":{"x":0.02660474367439747,"y":0.07848808169364929,"z":0.0020954350475221874,"w":-0.9965579509735107},"size":15.304572105407715,"orthographic":false}